{"state":{"bridges":[{"bridgeIP":"192.168.50.67","apiKey":"fgQxjAcWN6KCW6ZrmnTaGo5z5Q1gLuho6eO9ziP1","lightmap":{"11":{"id":"11","targetState":{"on":true,"sat":0,"bri":254,"transitiontime":10,"xy":[0.3127301,0.32901987],"alert":"NONE","effect":"NONE"},"knownState":{"on":true,"sat":0,"bri":254,"transitiontime":100,"xy":[0.3127301,0.32901987],"alert":"NONE","effect":"NONE"},"lastColor":-1,"wh":35.564442657371096,"w":8.433464052287583,"lastChange":1637167540454},"12":{"id":"12","targetState":{"on":true,"sat":0,"bri":254,"transitiontime":100,"xy":[0.3127301,0.32901987],"alert":"NONE","effect":"NONE"},"knownState":{"on":true,"bri":254,"xy":[0.6013,0.3794],"alert":"LONG_ALERT"},"lastColor":-1,"wh":0.0,"w":0.0,"lastChange":1637152359059},"13":{"id":"13","targetState":{"on":true,"sat":0,"bri":209,"transitiontime":10,"xy":[0.3127301,0.32901987],"alert":"NONE","effect":"NONE"},"knownState":{"on":true,"sat":0,"bri":209,"transitiontime":100,"xy":[0.3127301,0.32901987],"alert":"NONE","effect":"NONE"},"lastColor":-1,"wh":24.079424057988387,"w":5.709934640522875,"lastChange":1637167540583},"14":{"id":"14","targetState":{"on":true,"sat":0,"bri":209,"transitiontime":10,"xy":[0.3127301,0.32901987],"alert":"NONE","effect":"NONE"},"knownState":{"on":true,"sat":0,"bri":209,"transitiontime":100,"xy":[0.3127301,0.32901987],"alert":"NONE","effect":"NONE"},"lastColor":-1,"wh":24.085743052323892,"w":5.709934640522875,"lastChange":1637167544485},"15":{"id":"15","targetState":{"on":true,"sat":0,"bri":254,"transitiontime":100,"xy":[0.3127301,0.32901987],"alert":"NONE","effect":"NONE"},"knownState":{"on":true,"sat":0,"bri":254,"transitiontime":100,"xy":[0.3127301,0.32901987],"alert":"NONE","effect":"NONE"},"lastColor":-1,"wh":35.56747401917213,"w":8.433464052287583,"lastChange":1637167541791},"16":{"id":"16","targetState":{"on":true,"sat":0,"bri":254,"transitiontime":100,"xy":[0.3127301,0.32901987],"alert":"NONE","effect":"NONE"},"knownState":{"on":true,"sat":0,"bri":254,"transitiontime":100,"xy":[0.3127301,0.32901987],"alert":"NONE","effect":"NONE"},"lastColor":-1,"wh":35.56521103965142,"w":8.433464052287583,"lastChange":1637167540711},"17":{"id":"17","targetState":{"on":true,"sat":0,"bri":209,"transitiontime":100,"xy":[0.3127301,0.32901987],"alert":"NONE","effect":"NONE"},"knownState":{"on":true,"sat":0,"bri":209,"transitiontime":100,"xy":[0.3127301,0.32901987],"alert":"NONE","effect":"NONE"},"lastColor":-1,"wh":24.085638370188814,"w":5.709934640522875,"lastChange":1637167544618},"18":{"id":"18","targetState":{"on":true,"sat":255,"bri":254,"transitiontime":100,"xy":[0.22995016,0.049173802],"alert":"NONE","effect":"NONE"},"knownState":{"on":true,"sat":255,"bri":254,"transitiontime":25,"xy":[0.71257716,0.25541785],"alert":"NONE","effect":"NONE"},"lastColor":-8584961,"wh":24.18515099586056,"w":8.433464052287583,"lastChange":1639193744633},"1":{"id":"1","targetState":{"on":true,"sat":0,"bri":254,"transitiontime":100,"xy":[0.3127301,0.32901987],"alert":"NONE","effect":"NONE"},"knownState":{"on":true,"sat":0,"bri":254,"transitiontime":100,"xy":[0.3127301,0.32901987],"alert":"NONE","effect":"NONE"},"lastColor":-1,"wh":35.56813932578069,"w":8.433464052287583,"lastChange":1637167542047},"2":{"id":"2","targetState":{"on":true,"sat":0,"bri":254,"transitiontime":10,"xy":[0.3127301,0.32901987],"alert":"NONE","effect":"NONE"},"knownState":{"on":true,"sat":0,"bri":254,"transitiontime":100,"xy":[0.3127301,0.32901987],"alert":"NONE","effect":"NONE"},"lastColor":-1,"wh":4776.312765625564,"w":8.433464052287583,"lastChange":1639191227621},"3":{"id":"3","targetState":{"on":true,"sat":0,"bri":209,"transitiontime":10,"xy":[0.3127301,0.32901987],"alert":"NONE","effect":"NONE"},"knownState":{"on":true,"sat":0,"bri":209,"transitiontime":100,"xy":[0.3127301,0.32901987],"alert":"NONE","effect":"NONE"},"lastColor":-1,"wh":24.081736581517784,"w":5.709934640522875,"lastChange":1637167542173},"4":{"id":"4","targetState":{"on":true,"sat":0,"bri":209,"transitiontime":10,"xy":[0.3127301,0.32901987],"alert":"NONE","effect":"NONE"},"knownState":{"on":true,"sat":0,"bri":209,"transitiontime":100,"xy":[0.3127301,0.32901987],"alert":"NONE","effect":"NONE"},"lastColor":-1,"wh":24.0860539265432,"w":5.709934640522875,"lastChange":1637167544910},"5":{"id":"5","targetState":{"on":true,"sat":0,"bri":209,"transitiontime":10,"xy":[0.3127301,0.32901987],"alert":"NONE","effect":"NONE"},"knownState":{"on":true,"sat":0,"bri":209,"transitiontime":100,"xy":[0.3127301,0.32901987],"alert":"NONE","effect":"NONE"},"lastColor":-1,"wh":24.08151452850399,"w":5.709934640522875,"lastChange":1637167541918},"6":{"id":"6","targetState":{"on":true,"sat":0,"bri":209,"transitiontime":100,"xy":[0.3127301,0.32901987],"alert":"NONE","effect":"NONE"},"knownState":{"on":true,"sat":0,"bri":209,"transitiontime":100,"xy":[0.3127301,0.32901987],"alert":"NONE","effect":"NONE"},"lastColor":-1,"wh":24.08796675464778,"w":5.709934640522875,"lastChange":1637167545958},"7":{"id":"7","targetState":{"on":true,"sat":0,"bri":209,"transitiontime":100,"xy":[0.3127301,0.32901987],"alert":"NONE","effect":"NONE"},"knownState":{"on":true,"sat":0,"bri":209,"transitiontime":100,"xy":[0.3127301,0.32901987],"alert":"NONE","effect":"NONE"},"lastColor":-1,"wh":24.086426658387804,"w":5.709934640522875,"lastChange":1637167545031},"8":{"id":"8","targetState":{"on":true,"sat":0,"bri":209,"transitiontime":100,"xy":[0.3127301,0.32901987],"alert":"NONE","effect":"NONE"},"knownState":{"on":true,"sat":0,"bri":209,"transitiontime":100,"xy":[0.3127301,0.32901987],"alert":"NONE","effect":"NONE"},"lastColor":-1,"wh":24.088212599055915,"w":5.709934640522875,"lastChange":1637167546082},"9":{"id":"9","targetState":{"on":true,"sat":0,"bri":254,"transitiontime":100,"xy":[0.3127301,0.32901987],"alert":"NONE","effect":"NONE"},"knownState":{"on":true,"sat":0,"bri":254,"transitiontime":100,"xy":[0.3127301,0.32901987],"alert":"NONE","effect":"NONE"},"lastColor":-1,"wh":35.57111680711693,"w":8.433464052287583,"lastChange":1637167543153},"10":{"id":"10","targetState":{"on":true,"sat":0,"bri":254,"transitiontime":100,"xy":[0.3127301,0.32901987],"alert":"NONE","effect":"NONE"},"knownState":{"on":true,"sat":0,"bri":254,"transitiontime":100,"xy":[0.3127301,0.32901987],"alert":"NONE","effect":"NONE"},"lastColor":-1,"wh":35.571297189542484,"w":0.0,"lastChange":1637167543278}},"last":1639193685531}]},"settings":{"fabricTPM":75.0,"maxLIOPS":4,"maxLIOPChunkSize":8,"targetLatency":1000.0}}
