{"state":{"bridges":[{"bridgeIP":"192.168.50.67","apiKey":"fgQxjAcWN6KCW6ZrmnTaGo5z5Q1gLuho6eO9ziP1","lightmap":{"11":{"id":"11","targetState":{"on":true,"sat":250,"bri":254,"transitiontime":100,"xy":[0.27048445,0.06727068],"alert":"NONE","effect":"NONE"},"knownState":{"on":true,"sat":250,"bri":254,"transitiontime":221,"xy":[0.27048445,0.06727068],"alert":"NONE","effect":"NONE"},"lastColor":-6683145,"wh":35.79062113536672,"w":8.433464052287583,"lastChange":1647749864820},"12":{"id":"12","targetState":{"on":true,"sat":250,"bri":254,"transitiontime":100,"xy":[0.27048445,0.06727068],"alert":"NONE","effect":"NONE"},"knownState":{"on":true,"bri":254,"xy":[0.6013,0.3794],"alert":"LONG_ALERT"},"lastColor":-6683145,"wh":0.0,"w":8.433464052287583,"lastChange":1647749864820},"13":{"id":"13","targetState":{"on":true,"sat":250,"bri":254,"transitiontime":100,"xy":[0.27048445,0.06727068],"alert":"NONE","effect":"NONE"},"knownState":{"on":true,"sat":250,"bri":254,"transitiontime":181,"xy":[0.27048445,0.06727068],"alert":"NONE","effect":"NONE"},"lastColor":-6683145,"wh":24.276600790159783,"w":8.433464052287583,"lastChange":1647749864820},"14":{"id":"14","targetState":{"on":true,"sat":250,"bri":254,"transitiontime":100,"xy":[0.27048445,0.06727068],"alert":"NONE","effect":"NONE"},"knownState":{"on":true,"sat":250,"bri":254,"transitiontime":441,"xy":[0.27048445,0.06727068],"alert":"NONE","effect":"NONE"},"lastColor":-6683145,"wh":24.318726867283956,"w":8.433464052287583,"lastChange":1647749864820},"15":{"id":"15","targetState":{"on":true,"sat":250,"bri":254,"transitiontime":100,"xy":[0.27048445,0.06727068],"alert":"NONE","effect":"NONE"},"knownState":{"on":true,"sat":250,"bri":254,"transitiontime":195,"xy":[0.27048445,0.06727068],"alert":"NONE","effect":"NONE"},"lastColor":-6683145,"wh":35.77217761801017,"w":8.433464052287583,"lastChange":1647749864820},"16":{"id":"16","targetState":{"on":true,"sat":250,"bri":254,"transitiontime":100,"xy":[0.27048445,0.06727068],"alert":"NONE","effect":"NONE"},"knownState":{"on":true,"sat":0,"bri":254,"transitiontime":100,"xy":[0.3127301,0.32901987],"alert":"LONG_ALERT","effect":"NONE"},"lastColor":-6683145,"wh":35.56521103965142,"w":8.433464052287583,"lastChange":1647749864820},"17":{"id":"17","targetState":{"on":true,"sat":250,"bri":254,"transitiontime":100,"xy":[0.27048445,0.06727068],"alert":"NONE","effect":"NONE"},"knownState":{"on":true,"sat":0,"bri":209,"transitiontime":100,"xy":[0.3127301,0.32901987],"alert":"LONG_ALERT","effect":"NONE"},"lastColor":-6683145,"wh":24.085638370188814,"w":8.433464052287583,"lastChange":1647749864820},"18":{"id":"18","targetState":{"on":true,"sat":250,"bri":254,"transitiontime":100,"xy":[0.27048445,0.06727068],"alert":"NONE","effect":"NONE"},"knownState":{"on":true,"sat":250,"bri":254,"transitiontime":100,"xy":[0.27048445,0.06727068],"alert":"NONE","effect":"NONE"},"lastColor":-6683145,"wh":24.185661688961506,"w":8.433464052287583,"lastChange":1647749864820},"1":{"id":"1","targetState":{"on":true,"sat":250,"bri":254,"transitiontime":100,"xy":[0.27048445,0.06727068],"alert":"NONE","effect":"NONE"},"knownState":{"on":true,"sat":250,"bri":254,"transitiontime":337,"xy":[0.27048445,0.06727068],"alert":"NONE","effect":"NONE"},"lastColor":-6683145,"wh":35.79753657588964,"w":8.433464052287583,"lastChange":1647749864820},"2":{"id":"2","targetState":{"on":true,"sat":250,"bri":254,"transitiontime":100,"xy":[0.27048445,0.06727068],"alert":"NONE","effect":"NONE"},"knownState":{"on":true,"sat":0,"bri":254,"transitiontime":100,"xy":[0.3127301,0.32901987],"alert":"LONG_ALERT","effect":"NONE"},"lastColor":-6683145,"wh":4776.312765625564,"w":8.433464052287583,"lastChange":1647749864820},"3":{"id":"3","targetState":{"on":true,"sat":250,"bri":254,"transitiontime":100,"xy":[0.27048445,0.06727068],"alert":"NONE","effect":"NONE"},"knownState":{"on":true,"sat":0,"bri":209,"transitiontime":100,"xy":[0.3127301,0.32901987],"alert":"LONG_ALERT","effect":"NONE"},"lastColor":-6683145,"wh":24.081736581517784,"w":8.433464052287583,"lastChange":1647749864820},"4":{"id":"4","targetState":{"on":true,"sat":250,"bri":254,"transitiontime":100,"xy":[0.27048445,0.06727068],"alert":"NONE","effect":"NONE"},"knownState":{"on":true,"sat":250,"bri":254,"transitiontime":313,"xy":[0.27048445,0.06727068],"alert":"NONE","effect":"NONE"},"lastColor":-6683145,"wh":24.297902543536658,"w":8.433464052287583,"lastChange":1647749864820},"5":{"id":"5","targetState":{"on":true,"sat":250,"bri":254,"transitiontime":100,"xy":[0.27048445,0.06727068],"alert":"NONE","effect":"NONE"},"knownState":{"on":true,"sat":250,"bri":254,"transitiontime":325,"xy":[0.27048445,0.06727068],"alert":"NONE","effect":"NONE"},"lastColor":-6683145,"wh":24.24807778616557,"w":8.433464052287583,"lastChange":1647749864820},"6":{"id":"6","targetState":{"on":true,"sat":250,"bri":254,"transitiontime":100,"xy":[0.27048445,0.06727068],"alert":"NONE","effect":"NONE"},"knownState":{"on":true,"sat":250,"bri":254,"transitiontime":301,"xy":[0.27048445,0.06727068],"alert":"NONE","effect":"NONE"},"lastColor":-6683145,"wh":24.301996359150333,"w":8.433464052287583,"lastChange":1647749864820},"7":{"id":"7","targetState":{"on":true,"sat":250,"bri":254,"transitiontime":100,"xy":[0.27048445,0.06727068],"alert":"NONE","effect":"NONE"},"knownState":{"on":true,"sat":250,"bri":254,"transitiontime":210,"xy":[0.27048445,0.06727068],"alert":"NONE","effect":"NONE"},"lastColor":-6683145,"wh":24.292751356427015,"w":8.433464052287583,"lastChange":1647749864820},"8":{"id":"8","targetState":{"on":true,"sat":250,"bri":254,"transitiontime":100,"xy":[0.27048445,0.06727068],"alert":"NONE","effect":"NONE"},"knownState":{"on":true,"sat":250,"bri":254,"transitiontime":430,"xy":[0.27048445,0.06727068],"alert":"NONE","effect":"NONE"},"lastColor":-6683145,"wh":24.319420701307184,"w":8.433464052287583,"lastChange":1647749864820},"9":{"id":"9","targetState":{"on":true,"sat":250,"bri":254,"transitiontime":100,"xy":[0.27048445,0.06727068],"alert":"NONE","effect":"NONE"},"knownState":{"on":true,"sat":0,"bri":254,"transitiontime":100,"xy":[0.3127301,0.32901987],"alert":"LONG_ALERT","effect":"NONE"},"lastColor":-6683145,"wh":35.57111680711693,"w":8.433464052287583,"lastChange":1647749864820},"10":{"id":"10","targetState":{"on":true,"sat":250,"bri":254,"transitiontime":100,"xy":[0.27048445,0.06727068],"alert":"NONE","effect":"NONE"},"knownState":{"on":true,"sat":250,"bri":254,"transitiontime":208,"xy":[0.27048445,0.06727068],"alert":"NONE","effect":"NONE"},"lastColor":-6683145,"wh":35.807359218881615,"w":8.433464052287583,"lastChange":1647749864820}},"last":1647749844969}]},"settings":{"fabricTPM":75.0,"maxLIOPS":4,"maxLIOPChunkSize":8,"targetLatency":1000.0}}
